start,end
2022-10-03 00:04:00,2022-10-04 23:58:00
2022-10-02 16:04:00,2022-10-04 15:59:00
2022-10-02 08:04:00,2022-10-04 07:59:00
2022-10-02 00:04:00,2022-10-03 23:58:00
2022-10-01 16:04:00,2022-10-03 15:59:00
2022-10-01 08:04:00,2022-10-03 07:59:00
2022-10-01 00:04:00,2022-10-02 23:58:00
2022-09-30 16:04:00,2022-10-02 15:59:00
2022-09-30 08:04:00,2022-10-02 07:59:00
2022-09-30 00:04:00,2022-10-01 23:58:00
2022-09-29 16:04:00,2022-10-01 15:59:00
2022-09-29 08:04:00,2022-10-01 07:59:00
2022-09-29 00:04:00,2022-09-30 23:58:00
2022-09-28 16:04:00,2022-09-30 15:59:00
